model,accuracy,precision,recall,f1_score
Logistic Regression,0.9919739152244795,0.9856860809476802,0.9985,0.9920516641828118
Decision Tree,0.999247554552295,0.9994997498749375,0.999,0.9992498124531133
Random Forest,0.999247554552295,1.0,0.9985,0.9992494370778083
